Project_ID,Portfolio_Segment,Region,Delivery_Model,Planning_Mode,Complexity_Score,Planned_Duration_Days,Actual_Duration_Days,Delay_Days,Delay_Flag,Planned_Budget_USD,Actual_Budget_USD,Budget_Overrun_Pct,Team_Size,Critical_Path_Task_Count,Vendor_Count,Change_Order_Count,Resource_Buffer_Pct,Weather_Risk_Index,Procurement_Risk_Index,Stakeholder_Alignment_Score,Requirements_Volatility_Score,Forecast_Error_Days,Outcome_Risk_Level
P001,Public Sector,South,Design-Build,Spreadsheet,69,301,296,-5,On Time,5346606.61,5749331.62,7.53,24,12,11,4,8.3,5.0,35.1,68.1,31.7,3,Low
P002,Infrastructure,Central,Design-Build,Spreadsheet,63,266,267,1,Delayed,5160994.06,5788216.98,12.15,27,11,8,7,12.0,10.3,7.0,60.2,56.6,1,Low
P003,Commercial,North,Agile Hybrid,Spreadsheet,68,304,304,0,On Time,4543371.36,5210515.82,14.68,18,14,10,4,4.4,40.9,72.5,52.9,43.3,2,Medium
P004,Commercial,West,EPC,Spreadsheet,50,244,245,1,Delayed,3808792.38,4328783.59,13.65,19,10,9,2,11.2,22.4,52.3,57.7,35.6,1,Low
P005,Industrial,South,Design-Build,Manual,61,292,299,7,Delayed,4317590.16,4697882.16,8.81,20,10,5,7,2.4,35.2,25.8,53.5,44.2,11,Low
P006,Energy,North,Design-Build,Manual,51,271,296,25,Delayed,4117589.44,4765815.32,15.74,19,11,8,2,12.5,68.2,66.3,67.8,27.6,28,Medium
P007,Commercial,Central,Agile Hybrid,Manual,60,302,298,-4,On Time,4345164.51,4889667.45,12.53,20,11,6,2,8.7,42.9,34.4,61.7,39.6,1,Low
P008,Infrastructure,Central,Design-Bid-Build,AI-Assisted,62,293,282,-11,On Time,3929550.3,4285670.79,9.06,20,11,7,2,13.1,79.9,52.4,60.1,65.5,12,Low
P009,Energy,South,Design-Build,Manual,59,311,315,4,Delayed,4618998.44,5211149.19,12.82,28,13,6,2,12.8,40.5,44.0,59.5,42.1,5,Low
P010,Energy,West,Design-Build,Manual,71,263,282,19,Delayed,4823798.69,5481133.3,13.63,22,9,3,4,3.1,16.7,23.1,74.5,54.4,25,Low
P011,Public Sector,West,Agile Hybrid,Spreadsheet,67,265,259,-6,On Time,5126005.08,5456432.21,6.45,23,8,5,3,13.6,25.8,19.2,71.6,47.8,7,Low
P012,Infrastructure,East,Design-Bid-Build,Spreadsheet,70,291,313,22,Delayed,5286882.58,5987744.59,13.26,31,11,8,4,6.2,21.6,21.4,54.5,61.1,27,Low
P013,Industrial,Central,Design-Bid-Build,AI-Assisted,64,288,308,20,Delayed,5051727.51,5847656.83,15.76,26,12,7,5,5.1,27.8,40.3,55.6,46.0,17,Low
P014,Commercial,South,Design-Build,Spreadsheet,74,299,324,25,Delayed,5096337.53,6173863.22,21.14,22,9,6,5,4.4,26.1,56.0,43.1,57.6,26,Medium
P015,Industrial,North,Design-Bid-Build,Spreadsheet,53,248,262,14,Delayed,4228603.64,4824041.6,14.08,18,11,6,3,22.0,45.1,70.3,60.4,42.5,20,Medium
P016,Public Sector,Central,EPC,AI-Assisted,42,234,212,-22,On Time,3528927.79,3767219.49,6.75,19,14,5,5,21.8,48.2,22.4,64.6,47.6,16,Low
P017,Public Sector,South,Design-Build,AI-Assisted,93,362,385,23,Delayed,5833589.54,6680305.04,14.51,26,12,7,5,13.4,43.1,61.8,32.8,54.4,22,Medium
P018,Commercial,North,Agile Hybrid,Spreadsheet,60,265,248,-17,On Time,4245883.69,4857496.07,14.4,18,10,7,3,15.0,6.2,56.2,60.0,50.8,15,Low
P019,Energy,Central,EPC,Spreadsheet,78,301,323,22,Delayed,5588812.85,6587146.0,17.86,27,10,8,7,8.2,42.4,51.4,50.8,55.6,21,Low
P020,Infrastructure,East,Design-Build,Manual,74,302,322,20,Delayed,5025511.82,6180849.01,22.99,18,8,11,4,11.5,46.1,91.9,67.6,45.2,20,Medium
P021,Infrastructure,Central,Agile Hybrid,Spreadsheet,57,244,263,19,Delayed,4279368.66,4993685.65,16.69,22,10,4,4,10.7,28.4,64.0,58.4,52.1,21,Medium
P022,Energy,Central,Design-Bid-Build,AI-Assisted,85,366,410,44,Delayed,6024559.21,6686646.4,10.99,26,13,8,3,5.7,50.0,14.6,47.3,40.9,34,High
P023,Industrial,South,Design-Build,Manual,54,275,289,14,Delayed,3791113.49,4318766.84,13.92,17,8,4,4,6.6,17.9,14.4,75.8,48.6,23,Low
P024,Industrial,Central,Design-Build,Spreadsheet,60,267,294,27,Delayed,3907395.25,3880394.6,-0.69,18,10,4,3,14.2,35.0,40.4,65.1,32.2,27,Low
P025,Commercial,East,Design-Bid-Build,Spreadsheet,59,281,275,-6,On Time,5178397.71,6014408.57,16.14,27,12,9,4,13.6,32.9,34.1,54.8,58.0,1,Low
P026,Infrastructure,West,Design-Bid-Build,AI-Assisted,70,257,250,-7,On Time,5322817.2,5644609.13,6.05,24,9,9,1,9.7,17.1,51.9,58.9,57.5,17,Low
P027,Infrastructure,South,Design-Build,Manual,63,293,294,1,Delayed,4440028.83,4909265.63,10.57,25,9,6,2,8.3,22.5,23.6,60.4,29.8,1,Low
P028,Public Sector,North,Design-Build,AI-Assisted,62,282,290,8,Delayed,4281422.72,4752317.15,11.0,13,12,9,5,2.0,17.6,47.2,70.8,48.5,10,Low
P029,Infrastructure,North,EPC,Manual,65,277,269,-8,On Time,5305923.36,6320195.09,19.12,22,9,6,5,2.1,53.1,37.1,67.6,58.0,11,Low
P030,Energy,South,Design-Bid-Build,AI-Assisted,73,309,325,16,Delayed,4975592.99,5325667.62,7.04,27,11,9,3,8.0,23.4,74.5,51.2,35.3,16,Low
P031,Public Sector,East,Design-Bid-Build,AI-Assisted,48,241,246,5,Delayed,3305187.52,3635042.96,9.98,13,9,3,4,7.6,13.7,24.5,66.9,36.2,1,Low
P032,Energy,Central,Agile Hybrid,AI-Assisted,78,326,329,3,Delayed,5719060.33,6486233.98,13.41,34,13,8,2,6.0,46.1,47.0,66.8,54.2,4,Low
P033,Energy,North,Design-Bid-Build,AI-Assisted,52,237,253,16,Delayed,4016265.71,4422166.73,10.11,22,10,3,5,5.9,48.0,51.8,40.4,52.0,13,Medium
P034,Public Sector,West,Agile Hybrid,AI-Assisted,53,274,260,-14,On Time,4558588.05,4649635.7,2.0,22,7,8,2,8.1,33.6,61.3,78.2,26.2,15,Low
P035,Industrial,West,EPC,AI-Assisted,71,328,356,28,Delayed,5399343.04,5993044.0,11.0,23,15,5,6,7.2,45.3,30.4,54.3,52.4,23,Low
P036,Energy,Central,EPC,Spreadsheet,48,272,282,10,Delayed,3871251.81,4496795.71,16.16,21,10,8,3,14.8,32.6,45.5,69.9,34.6,13,Low
P037,Commercial,Central,Design-Bid-Build,Spreadsheet,35,206,203,-3,On Time,3277754.39,3851084.29,17.49,12,10,7,5,14.7,26.5,83.4,66.0,52.7,2,Medium
P038,Infrastructure,North,Agile Hybrid,Manual,43,198,184,-14,On Time,3470156.89,4074308.98,17.41,23,7,8,6,10.4,31.5,59.6,57.5,42.9,15,Low
P039,Industrial,South,Agile Hybrid,Manual,58,260,276,16,Delayed,4347381.38,4923183.4,13.24,20,14,7,4,18.8,30.2,60.7,55.7,53.6,22,Medium
P040,Infrastructure,Central,EPC,Spreadsheet,80,337,362,25,Delayed,5244759.18,6185734.14,17.94,31,11,5,2,13.9,88.4,53.2,52.8,64.6,22,Medium
P041,Public Sector,West,EPC,Manual,71,306,334,28,Delayed,5275533.71,6540038.87,23.97,23,13,10,3,9.5,60.8,45.2,43.3,43.4,27,Medium
P042,Energy,South,Design-Build,AI-Assisted,58,273,243,-30,On Time,4908172.24,5058297.27,3.06,27,10,9,0,9.1,17.5,40.2,69.6,30.0,29,Low
P043,Public Sector,Central,Design-Bid-Build,Manual,77,323,333,10,Delayed,5487509.88,6361238.92,15.92,23,10,8,4,8.5,36.1,68.5,43.8,60.5,8,Medium
P044,Infrastructure,South,Agile Hybrid,Manual,51,195,217,22,Delayed,3473528.32,3972631.59,14.37,19,6,2,4,13.2,73.1,78.8,63.4,43.6,25,Medium
P045,Infrastructure,South,Design-Bid-Build,Manual,48,235,241,6,Delayed,3695759.43,4281692.64,15.85,18,11,5,2,4.3,52.9,66.0,53.6,41.2,2,Medium
P046,Commercial,Central,Design-Build,Manual,46,241,263,22,Delayed,4019094.6,4571286.02,13.74,21,5,7,4,13.9,16.7,28.8,36.7,28.2,27,Medium
P047,Infrastructure,Central,Design-Build,Manual,59,240,254,14,Delayed,4123763.81,4475557.87,8.53,24,8,6,3,14.9,50.3,52.0,70.2,38.4,22,Low
P048,Industrial,East,EPC,Spreadsheet,82,353,389,36,Delayed,5213155.32,6156176.66,18.09,24,12,7,3,6.5,32.2,50.3,37.2,56.6,37,High
P049,Public Sector,West,EPC,Spreadsheet,60,256,235,-21,On Time,4346082.23,4567274.07,5.09,20,8,7,3,9.2,17.7,13.9,71.8,50.5,24,Low
P050,Public Sector,West,EPC,AI-Assisted,51,238,232,-6,On Time,4418208.63,4982115.05,12.76,24,8,5,3,16.6,34.5,31.6,59.7,43.1,7,Low
P051,Industrial,South,Design-Bid-Build,Spreadsheet,71,312,324,12,Delayed,5147448.34,5828873.62,13.24,25,11,6,5,12.4,7.0,69.9,50.5,46.0,14,Medium
P052,Commercial,East,Design-Bid-Build,AI-Assisted,45,211,235,24,Delayed,3538987.53,3882342.34,9.7,21,7,6,4,9.0,37.1,50.7,44.4,23.1,20,Low
P053,Infrastructure,North,Design-Bid-Build,AI-Assisted,68,293,285,-8,On Time,4859896.26,5699676.31,17.28,21,11,3,5,10.6,5.5,62.0,59.5,53.1,3,Medium
P054,Industrial,Central,Agile Hybrid,Manual,64,273,266,-7,On Time,4033265.3,4669041.23,15.76,19,10,7,4,12.8,36.6,56.2,52.0,25.5,2,Low
P055,Commercial,Central,Design-Bid-Build,Manual,53,282,273,-9,On Time,3980401.02,4494934.4,12.93,22,12,5,2,9.6,56.7,43.8,71.5,45.4,16,Low
P056,Commercial,North,Agile Hybrid,AI-Assisted,32,174,155,-19,On Time,2795173.21,3117227.1,11.52,17,5,6,3,12.4,38.5,45.2,71.1,32.6,14,Low
P057,Public Sector,West,Design-Bid-Build,AI-Assisted,73,287,275,-12,On Time,4535753.44,5054628.13,11.44,19,10,12,2,16.5,34.4,42.0,40.8,47.1,10,Medium
P058,Commercial,North,Agile Hybrid,Manual,48,210,184,-26,On Time,3516085.28,4104938.52,16.75,17,5,3,6,17.0,15.3,24.8,55.3,53.4,30,Low
P059,Infrastructure,North,Design-Build,Spreadsheet,46,229,226,-3,On Time,3783699.88,4159219.04,9.92,19,10,7,6,13.1,31.3,89.1,75.4,36.3,8,Low
P060,Industrial,West,Agile Hybrid,Spreadsheet,71,336,342,6,Delayed,5098001.76,5893686.67,15.61,24,12,11,7,5.3,5.0,35.4,70.7,41.9,6,Low
P061,Commercial,West,EPC,Manual,56,259,260,1,Delayed,4267153.77,4733329.81,10.92,18,10,6,0,5.0,54.9,55.9,71.0,31.0,3,Low
P062,Public Sector,Central,EPC,Manual,56,233,251,18,Delayed,4259481.61,4924067.34,15.6,24,8,9,3,14.9,66.3,57.6,68.0,36.5,14,Medium
P063,Infrastructure,South,EPC,AI-Assisted,59,274,293,19,Delayed,4105591.12,4500842.84,9.63,17,9,5,2,7.3,70.2,25.6,70.3,33.2,13,Low
P064,Energy,Central,Design-Bid-Build,Spreadsheet,69,279,288,9,Delayed,5257282.98,5534006.46,5.26,23,9,6,4,6.0,7.8,69.6,62.3,53.1,7,Low
P065,Industrial,East,Agile Hybrid,Spreadsheet,54,307,314,7,Delayed,4117171.13,4368060.08,6.09,21,12,7,3,11.2,27.2,36.9,61.1,44.3,4,Low
P066,Infrastructure,South,EPC,Manual,62,265,274,9,Delayed,4363734.82,4907443.77,12.46,17,11,7,3,9.1,39.3,25.9,57.0,38.0,14,Low
P067,Infrastructure,South,Design-Bid-Build,Manual,70,319,321,2,Delayed,4749136.71,5749952.79,21.07,22,12,3,1,10.7,17.3,74.9,67.9,45.3,2,Medium
P068,Energy,West,Design-Bid-Build,Manual,68,270,277,7,Delayed,4507357.52,5367183.67,19.08,18,10,5,5,7.1,20.6,12.7,66.0,67.5,8,Low
P069,Industrial,South,Design-Build,Spreadsheet,44,243,249,6,Delayed,3240366.77,3583915.61,10.6,15,9,3,4,12.2,40.8,47.6,64.5,45.5,5,Low
P070,Public Sector,South,Agile Hybrid,AI-Assisted,64,281,272,-9,On Time,4643546.53,5084320.64,9.49,26,14,10,2,6.2,61.0,59.6,55.7,40.0,11,Low
P071,Energy,South,EPC,AI-Assisted,59,258,240,-18,On Time,4552410.67,5015458.74,10.17,19,9,6,1,7.7,48.1,18.0,74.2,36.4,20,Low
P072,Commercial,South,Design-Bid-Build,Manual,51,244,249,5,Delayed,4215077.39,4785155.48,13.52,27,9,5,2,16.6,33.9,37.6,65.7,51.9,3,Low
P073,Industrial,South,EPC,Manual,78,333,362,29,Delayed,5761531.81,6879493.64,19.4,22,9,8,2,13.1,55.7,35.2,60.7,43.9,33,Low
P074,Public Sector,North,Design-Bid-Build,Manual,56,261,260,-1,On Time,4143058.97,4896491.03,18.19,22,10,5,4,7.8,39.1,56.3,51.6,67.0,1,Low
P075,Energy,Central,Design-Bid-Build,AI-Assisted,53,238,227,-11,On Time,4095011.78,4306764.75,5.17,22,7,8,3,3.1,11.2,29.2,78.2,43.8,11,Low
P076,Commercial,South,Agile Hybrid,Spreadsheet,47,219,227,8,Delayed,3595110.53,3986933.69,10.9,19,9,5,1,11.5,73.6,75.6,71.3,29.4,7,Medium
P077,Energy,East,Design-Bid-Build,AI-Assisted,76,270,289,19,Delayed,5370221.66,6008794.2,11.89,25,8,10,6,4.7,35.0,60.5,56.3,39.1,17,Medium
P078,Industrial,North,Design-Build,Spreadsheet,88,353,388,35,Delayed,6059447.16,7028149.26,15.99,32,10,10,4,9.5,24.5,45.5,47.6,43.6,37,High
P079,Energy,East,Design-Bid-Build,Spreadsheet,57,274,296,22,Delayed,4363403.18,4537618.38,3.99,23,9,6,2,6.7,23.2,68.1,48.1,32.3,24,Medium
P080,Infrastructure,South,Design-Bid-Build,Spreadsheet,58,221,223,2,Delayed,3780749.06,4308232.33,13.95,17,9,5,4,5.9,34.5,54.5,65.2,57.1,4,Low
P081,Industrial,North,Design-Bid-Build,Spreadsheet,74,308,314,6,Delayed,4928487.58,5949639.67,20.72,21,11,6,3,7.2,22.6,33.4,57.6,60.6,10,Low
P082,Infrastructure,South,Design-Bid-Build,Spreadsheet,62,256,261,5,Delayed,3960498.55,4342036.73,9.63,19,8,8,0,9.7,44.5,41.0,53.7,33.5,12,Low
P083,Energy,Central,Design-Build,Manual,68,318,326,8,Delayed,4511232.35,5355440.43,18.71,16,12,9,5,6.4,53.4,83.2,47.5,60.4,3,Medium
P084,Infrastructure,Central,Agile Hybrid,Spreadsheet,76,316,312,-4,On Time,4496795.77,5530936.91,23.0,15,14,5,4,5.7,59.4,25.7,67.9,48.0,11,Low
P085,Public Sector,West,Design-Bid-Build,AI-Assisted,51,274,256,-18,On Time,3786244.01,3981559.47,5.16,23,11,1,2,11.0,8.6,40.3,69.6,40.8,13,Low
P086,Infrastructure,South,Agile Hybrid,Manual,51,216,209,-7,On Time,3075081.82,3350607.66,8.96,15,8,6,4,15.5,30.8,30.4,57.8,46.7,1,Low
P087,Infrastructure,West,EPC,AI-Assisted,82,333,349,16,Delayed,5300108.13,5813143.68,9.68,26,13,6,6,5.7,48.2,34.0,53.7,69.8,12,Low
P088,Commercial,Central,Design-Bid-Build,AI-Assisted,50,240,210,-30,On Time,4441385.74,4682329.09,5.42,25,10,4,4,12.6,68.1,37.4,65.3,40.9,27,Low
P089,Public Sector,West,Design-Bid-Build,Spreadsheet,50,248,240,-8,On Time,4427610.44,4696847.47,6.08,23,8,9,6,9.2,27.0,43.8,65.2,56.5,15,Low
P090,Commercial,Central,Design-Bid-Build,Spreadsheet,62,282,320,38,Delayed,4618863.05,5155634.3,11.62,23,10,6,4,10.2,68.4,34.3,64.7,49.4,37,High
P091,Public Sector,South,EPC,Manual,79,310,356,46,Delayed,6432919.71,8016129.35,24.61,32,13,11,4,8.0,30.2,83.0,45.4,66.7,57,High
P092,Public Sector,East,EPC,AI-Assisted,55,268,247,-21,On Time,4218058.94,4512341.87,6.98,18,12,7,6,10.7,15.5,45.9,49.6,53.6,16,Low
P093,Energy,South,Design-Bid-Build,AI-Assisted,52,242,254,12,Delayed,4257462.77,4710640.38,10.64,29,7,3,2,11.6,28.7,62.2,63.4,43.5,14,Medium
P094,Public Sector,West,Design-Bid-Build,AI-Assisted,73,308,353,45,Delayed,4634561.29,5298748.03,14.33,18,15,7,8,2.0,9.9,64.7,44.8,59.2,41,High
P095,Industrial,North,Design-Bid-Build,Manual,68,312,345,33,Delayed,4671358.05,5364403.93,14.84,22,12,5,4,11.0,20.0,73.6,65.2,38.9,40,High
P096,Industrial,South,EPC,AI-Assisted,43,242,216,-26,On Time,3495283.04,3419551.23,-2.17,18,10,6,2,4.2,16.7,33.0,84.2,50.5,25,Low
P097,Infrastructure,West,Design-Bid-Build,Spreadsheet,57,264,274,10,Delayed,4475418.78,5048573.45,12.81,16,9,6,4,15.6,41.9,47.5,67.5,52.4,10,Low
P098,Industrial,North,Design-Build,Spreadsheet,67,295,299,4,Delayed,4000562.37,4758799.37,18.95,15,6,9,3,11.2,43.3,58.2,62.4,45.5,9,Low
P099,Energy,South,Design-Build,Manual,81,318,349,31,Delayed,5525778.28,6576766.6,19.02,22,14,4,3,4.7,66.3,38.3,40.4,59.2,28,High
P100,Infrastructure,West,EPC,Manual,91,343,397,54,Delayed,6272217.03,7668353.08,22.26,31,9,7,2,2.9,73.5,68.0,49.7,47.4,60,High
P101,Infrastructure,South,Design-Bid-Build,Spreadsheet,77,326,351,25,Delayed,5114589.44,6012149.7,17.55,20,15,11,5,7.5,46.9,30.4,41.4,60.6,29,Medium
P102,Industrial,West,Design-Build,Spreadsheet,55,232,244,12,Delayed,4369621.62,4736256.45,8.39,21,8,5,5,18.4,69.2,59.5,56.7,38.6,9,Low
P103,Energy,East,Design-Build,AI-Assisted,34,212,229,17,Delayed,3365455.44,3582091.94,6.44,27,10,6,5,10.9,38.3,81.1,61.1,46.8,17,Low
P104,Commercial,East,Agile Hybrid,Manual,69,293,315,22,Delayed,4422379.66,5900627.44,33.43,16,10,9,7,7.6,27.8,61.7,63.4,47.3,24,Medium
P105,Energy,South,Design-Build,AI-Assisted,81,315,320,5,Delayed,6075647.75,6477862.75,6.62,33,11,7,2,12.3,68.5,37.3,43.3,30.5,8,Medium
P106,Commercial,Central,Design-Build,Spreadsheet,69,299,319,20,Delayed,4929766.21,5728078.0,16.19,23,11,8,3,4.5,21.8,75.8,49.4,33.0,22,Medium
P107,Industrial,West,Design-Bid-Build,Manual,80,333,396,63,Delayed,5611283.54,7020984.29,25.12,27,16,4,6,2.0,72.3,62.2,31.7,69.3,62,High
P108,Energy,West,EPC,Manual,83,362,388,26,Delayed,5469656.62,6626040.38,21.14,17,13,8,5,4.5,38.6,48.7,56.1,63.4,33,Low
P109,Commercial,West,Design-Build,AI-Assisted,71,282,287,5,Delayed,4935378.91,5092032.23,3.17,24,10,6,4,3.1,18.2,8.8,50.8,49.7,4,Low
P110,Industrial,East,EPC,AI-Assisted,51,225,208,-17,On Time,3675986.1,3843031.45,4.54,17,9,5,1,7.2,23.4,32.2,52.3,42.3,14,Low
P111,Energy,North,EPC,Manual,62,250,233,-17,On Time,4407977.22,5044358.25,14.44,24,10,6,5,2.0,46.7,27.3,62.5,46.7,17,Low
P112,Commercial,North,Agile Hybrid,Spreadsheet,68,281,319,38,Delayed,4885495.42,5403315.61,10.6,24,11,8,3,13.0,38.0,77.6,52.2,42.3,36,High
P113,Infrastructure,East,Agile Hybrid,Spreadsheet,74,304,332,28,Delayed,5285278.59,5700710.28,7.86,27,14,6,2,8.2,64.5,28.6,58.7,52.7,27,Low
P114,Energy,Central,Design-Bid-Build,Spreadsheet,51,210,233,23,Delayed,3934748.12,4399442.66,11.81,25,7,6,3,10.4,27.8,56.4,76.6,34.2,29,Low
P115,Industrial,East,Design-Bid-Build,Spreadsheet,60,255,275,20,Delayed,4544014.3,5156277.63,13.47,19,7,8,3,13.3,13.7,23.6,59.5,40.8,18,Low
P116,Energy,Central,Agile Hybrid,AI-Assisted,67,319,339,20,Delayed,4374050.97,4882593.14,11.63,23,13,3,6,3.7,47.8,64.1,73.9,45.7,22,Medium
P117,Energy,East,EPC,Manual,70,321,357,36,Delayed,4521959.49,5395566.75,19.32,25,12,9,5,2.0,54.3,10.2,48.1,66.9,45,High
P118,Industrial,West,Agile Hybrid,Manual,67,310,325,15,Delayed,4599011.8,5586070.53,21.46,20,11,11,5,3.4,48.0,86.6,63.9,62.1,23,Medium
P119,Industrial,North,Design-Build,Manual,70,307,323,16,Delayed,4886039.59,5881958.23,20.38,25,13,9,7,14.2,10.6,67.9,71.4,65.1,18,Medium
P120,Industrial,West,Agile Hybrid,AI-Assisted,54,214,200,-14,On Time,4046790.71,4357466.77,7.68,21,7,7,2,10.3,40.9,36.1,58.4,47.3,16,Low
P121,Infrastructure,Central,Design-Bid-Build,Spreadsheet,51,244,228,-16,On Time,4632429.37,4788645.48,3.37,23,12,7,5,14.5,55.7,45.4,67.6,12.4,23,Low
P122,Commercial,East,Design-Build,Manual,64,259,277,18,Delayed,4576390.58,5431643.0,18.69,20,5,2,4,12.4,5.1,12.8,58.2,57.3,21,Low
P123,Energy,Central,Design-Build,AI-Assisted,70,297,318,21,Delayed,4995187.97,5400123.69,8.11,20,10,9,2,13.5,59.3,46.3,56.7,55.8,15,Low
P124,Energy,South,Design-Bid-Build,Spreadsheet,78,316,349,33,Delayed,5384007.57,6054065.79,12.45,22,12,9,5,3.6,71.0,39.5,46.2,49.9,34,High
P125,Energy,East,Design-Bid-Build,Spreadsheet,58,248,245,-3,On Time,3733764.09,4196790.04,12.4,16,9,5,4,9.1,88.1,35.7,56.9,35.8,1,Medium
P126,Energy,Central,Design-Bid-Build,Manual,74,298,332,34,Delayed,5154448.59,6023738.68,16.86,26,12,7,3,4.9,42.4,50.2,57.2,52.6,42,Medium
P127,Infrastructure,West,Design-Bid-Build,AI-Assisted,66,293,271,-22,On Time,4585893.42,5005894.57,9.16,19,16,6,4,13.0,19.9,70.9,63.1,33.3,20,Low
P128,Industrial,West,Agile Hybrid,AI-Assisted,49,243,236,-7,On Time,4066758.95,4524242.73,11.25,25,8,6,3,12.3,50.2,36.0,60.0,58.6,6,Low
P129,Infrastructure,East,Agile Hybrid,Manual,57,264,277,13,Delayed,4084428.67,4687569.36,14.77,17,8,9,7,10.8,47.5,22.0,78.6,51.9,11,Low
P130,Industrial,East,Agile Hybrid,Manual,69,323,317,-6,On Time,4938640.79,5966923.85,20.82,25,11,8,4,12.6,33.2,17.4,68.1,47.7,14,Low
P131,Energy,South,Agile Hybrid,Manual,71,300,364,64,Delayed,5191725.65,6393754.13,23.15,21,10,6,6,7.6,74.3,26.0,56.2,59.6,76,High
P132,Energy,West,Agile Hybrid,Spreadsheet,54,256,263,7,Delayed,4038483.14,4452304.85,10.25,18,8,8,4,17.4,30.3,24.9,74.5,51.8,1,Low
P133,Energy,North,Agile Hybrid,Spreadsheet,53,271,272,1,Delayed,3735917.89,4093181.71,9.56,14,11,6,4,15.7,46.6,21.0,56.8,47.2,1,Low
P134,Commercial,East,Design-Bid-Build,Spreadsheet,43,218,233,15,Delayed,3432422.04,3683916.3,7.33,17,9,3,4,13.5,67.3,14.3,49.7,57.5,12,Medium
P135,Industrial,Central,Design-Bid-Build,Spreadsheet,74,323,333,10,Delayed,4691125.55,5596995.56,19.31,22,12,6,5,7.0,30.5,29.3,54.5,61.6,14,Low
P136,Commercial,North,Agile Hybrid,AI-Assisted,66,275,275,0,On Time,4141526.28,4811952.7,16.19,15,11,6,3,7.3,77.1,63.4,51.1,43.6,1,Medium
P137,Industrial,East,Design-Build,Spreadsheet,96,371,427,56,Delayed,5955364.62,7285449.59,22.33,22,10,9,4,7.2,32.5,89.3,47.2,55.3,59,High
P138,Commercial,West,EPC,Spreadsheet,49,219,215,-4,On Time,3146933.33,3747451.88,19.08,12,11,6,6,13.9,39.6,51.7,70.2,48.1,2,Low
P139,Public Sector,North,Design-Build,Spreadsheet,72,319,344,25,Delayed,4570500.11,4948174.55,8.26,17,10,7,4,6.8,35.7,11.0,50.5,35.9,19,Low
P140,Industrial,North,Design-Bid-Build,AI-Assisted,56,241,252,11,Delayed,3754775.38,4102591.81,9.26,13,6,8,1,5.5,13.0,76.9,51.6,39.5,13,Low
P141,Public Sector,North,Design-Bid-Build,AI-Assisted,64,278,281,3,Delayed,4440952.36,4643454.26,4.56,20,7,7,2,16.1,9.7,50.7,60.0,65.3,1,Low
P142,Energy,South,EPC,AI-Assisted,51,255,278,23,Delayed,3936451.38,4009474.04,1.86,20,9,6,1,21.1,24.5,25.7,65.6,44.4,22,Low
P143,Commercial,Central,Design-Build,Spreadsheet,51,239,229,-10,On Time,3626950.1,4552960.81,25.53,18,11,9,6,11.1,79.9,70.6,79.0,64.4,10,Medium
P144,Industrial,North,Design-Build,Spreadsheet,52,272,268,-4,On Time,3944563.3,4232496.66,7.3,16,9,7,3,7.1,60.8,27.6,50.6,44.4,1,Low
P145,Energy,West,Design-Build,Spreadsheet,80,305,324,19,Delayed,5068421.13,6143097.46,21.2,23,12,7,6,2.0,51.5,66.1,57.8,60.0,15,Medium
P146,Energy,South,Design-Build,AI-Assisted,77,319,335,16,Delayed,5441475.49,6488226.93,19.24,27,15,6,4,11.1,43.7,28.6,67.9,56.2,11,Low
P147,Infrastructure,East,Design-Build,Spreadsheet,65,270,289,19,Delayed,4923921.94,5655342.71,14.85,21,13,10,5,2.0,79.5,74.0,73.1,43.0,18,Medium
P148,Public Sector,Central,EPC,Spreadsheet,72,317,322,5,Delayed,4806969.03,5750111.04,19.62,18,14,7,5,5.8,68.3,61.9,66.5,67.6,6,Medium
P149,Commercial,Central,Design-Build,Spreadsheet,52,247,250,3,Delayed,3724344.55,4150812.32,11.45,17,10,5,5,15.7,32.9,31.5,76.1,42.5,1,Low
P150,Commercial,North,Agile Hybrid,Manual,73,315,332,17,Delayed,4332914.63,4930493.48,13.79,15,11,6,3,6.6,29.9,9.7,57.9,48.1,16,Low
P151,Infrastructure,North,Design-Build,Spreadsheet,81,325,314,-11,On Time,5414000.18,5814315.47,7.39,24,9,10,3,6.0,40.4,27.7,62.5,60.9,11,Low
P152,Industrial,South,Agile Hybrid,Manual,60,285,293,8,Delayed,4716307.23,5145597.54,9.1,26,10,6,3,11.8,18.0,47.3,57.6,51.2,9,Low
P153,Commercial,Central,Agile Hybrid,Spreadsheet,55,253,241,-12,On Time,4280374.41,4768908.15,11.41,22,6,8,0,7.0,22.5,23.1,51.1,33.3,12,Low
P154,Public Sector,West,Agile Hybrid,Manual,59,282,287,5,Delayed,4269519.72,4733881.54,10.88,26,9,8,3,12.0,5.0,25.4,66.9,39.7,3,Low
P155,Commercial,West,EPC,Manual,51,265,251,-14,On Time,3393529.48,3915689.84,15.39,16,11,6,1,6.0,28.5,34.2,65.0,32.4,15,Low
P156,Infrastructure,Central,Design-Build,Manual,60,274,303,29,Delayed,4436385.28,5422009.24,22.22,24,12,7,5,5.2,74.6,53.5,54.7,50.0,34,Medium
P157,Public Sector,North,Design-Build,AI-Assisted,71,292,278,-14,On Time,4613053.96,5181827.36,12.33,22,14,8,1,11.0,9.1,75.5,58.3,36.3,12,Medium
P158,Infrastructure,West,Design-Build,Spreadsheet,60,256,260,4,Delayed,3987706.27,4315171.61,8.21,19,10,9,2,10.9,40.9,13.6,56.1,40.0,4,Low
P159,Commercial,Central,Design-Bid-Build,Spreadsheet,27,190,186,-4,On Time,3069146.59,3389789.41,10.45,19,6,4,3,7.9,39.5,60.6,70.4,18.6,3,Medium
P160,Infrastructure,Central,Design-Bid-Build,Spreadsheet,72,270,269,-1,On Time,5593667.61,6559543.95,17.27,21,8,14,8,11.7,20.2,62.8,49.6,61.7,1,Medium
P161,Commercial,West,Design-Bid-Build,AI-Assisted,55,278,248,-30,On Time,3562767.79,3919189.24,10.0,16,9,7,5,9.3,14.0,7.0,62.4,37.3,23,Low
P162,Industrial,West,EPC,AI-Assisted,62,259,243,-16,On Time,4632709.77,4775268.34,3.08,24,9,7,6,10.1,13.1,14.6,69.3,37.5,11,Low
P163,Public Sector,South,Design-Bid-Build,Spreadsheet,56,254,269,15,Delayed,4179310.34,4609679.36,10.3,19,8,9,2,11.5,29.4,14.0,68.6,55.5,16,Low
P164,Public Sector,West,Design-Build,Spreadsheet,75,292,321,29,Delayed,5135821.58,6540157.79,27.34,22,10,8,4,9.6,61.9,60.4,50.6,73.6,24,Medium
P165,Infrastructure,South,Design-Bid-Build,AI-Assisted,61,282,291,9,Delayed,4616225.27,4764567.19,3.21,30,10,7,6,5.8,12.9,7.0,54.2,34.0,9,Low
P166,Infrastructure,East,Design-Bid-Build,AI-Assisted,84,315,311,-4,On Time,5684796.7,6400259.9,12.59,24,10,9,2,8.2,35.7,38.1,46.7,44.7,1,Medium
P167,Energy,North,Design-Build,Manual,46,187,187,0,On Time,3491162.37,4025294.91,15.3,24,7,6,4,10.8,54.1,45.3,65.5,45.7,1,Low
P168,Commercial,South,Agile Hybrid,Spreadsheet,67,306,347,41,Delayed,5410571.62,6178341.93,14.19,29,11,7,5,2.0,27.6,41.4,40.5,55.7,36,High
P169,Infrastructure,North,Design-Build,Manual,78,299,298,-1,On Time,5515106.49,6217824.02,12.74,25,11,8,1,9.5,52.7,29.7,59.6,32.1,5,Low
P170,Infrastructure,East,Agile Hybrid,AI-Assisted,68,276,278,2,Delayed,4702645.54,4928138.71,4.8,26,12,8,5,14.6,33.9,8.2,60.5,37.8,1,Low
P171,Public Sector,North,Design-Bid-Build,Spreadsheet,73,310,305,-5,On Time,4708778.05,5321273.17,13.01,22,13,8,2,3.3,38.9,47.9,66.5,56.0,9,Low
P172,Public Sector,West,Design-Build,AI-Assisted,71,259,280,21,Delayed,4837954.1,5813234.95,20.16,22,9,10,6,11.4,19.9,71.1,54.4,57.9,20,Medium
P173,Commercial,West,Design-Bid-Build,Manual,53,262,268,6,Delayed,4461098.38,4930702.68,10.53,22,11,9,3,8.5,22.2,20.4,63.5,35.1,4,Low
P174,Infrastructure,West,Design-Bid-Build,Spreadsheet,91,336,363,27,Delayed,6177917.52,7166248.84,16.0,29,14,8,3,2.0,18.0,78.9,42.3,66.4,29,Medium
P175,Public Sector,West,Design-Bid-Build,AI-Assisted,72,294,308,14,Delayed,4853770.26,5374237.95,10.72,23,11,4,7,7.0,13.6,25.1,55.6,67.0,5,Low
P176,Infrastructure,West,Design-Bid-Build,AI-Assisted,56,243,262,19,Delayed,3863651.85,4621354.94,19.61,16,8,4,6,3.1,41.4,46.6,51.7,48.3,14,Low
P177,Industrial,West,EPC,AI-Assisted,71,308,309,1,Delayed,5267537.34,5489564.73,4.22,29,9,7,2,9.4,29.6,58.5,41.6,51.9,1,Low
P178,Energy,West,EPC,Manual,59,263,267,4,Delayed,4312321.17,4816975.34,11.7,21,9,7,4,13.4,21.4,31.4,56.0,46.9,1,Low
P179,Commercial,North,Design-Bid-Build,AI-Assisted,54,238,233,-5,On Time,3911687.8,4165554.6,6.49,20,7,6,4,3.2,43.3,60.1,58.2,58.3,7,Low
P180,Commercial,West,Agile Hybrid,AI-Assisted,64,280,292,12,Delayed,4436237.19,5047023.83,13.77,23,11,8,4,11.9,58.9,53.4,96.0,60.0,9,Low
P181,Public Sector,East,EPC,AI-Assisted,63,271,281,10,Delayed,4296756.42,5055990.93,17.67,18,9,7,5,8.6,57.1,42.9,57.0,43.8,4,Low
P182,Public Sector,North,Design-Bid-Build,Spreadsheet,63,280,296,16,Delayed,4292862.44,4923423.95,14.69,19,9,5,4,7.8,10.5,49.9,56.1,46.0,14,Low
P183,Industrial,East,Design-Build,AI-Assisted,55,222,200,-22,On Time,3558269.97,3934436.38,10.57,13,9,4,7,13.9,43.8,20.7,63.9,61.1,22,Low
P184,Commercial,South,Design-Bid-Build,Manual,68,288,303,15,Delayed,4624220.62,5500987.86,18.96,28,10,8,5,12.8,40.4,55.8,65.6,51.7,17,Low
P185,Commercial,North,Agile Hybrid,Manual,52,253,274,21,Delayed,3888341.91,4540761.12,16.78,15,11,5,5,9.4,54.7,67.1,64.6,61.4,25,Medium
P186,Industrial,East,Design-Build,Manual,64,256,306,50,Delayed,4769295.01,5666919.64,18.82,20,8,4,4,6.9,61.6,56.6,59.0,46.0,51,Medium
P187,Commercial,Central,Design-Bid-Build,Spreadsheet,61,276,284,8,Delayed,4383745.77,4900423.26,11.79,18,7,8,3,10.9,45.9,55.8,53.3,39.7,12,Low
P188,Commercial,North,Design-Bid-Build,AI-Assisted,47,220,226,6,Delayed,3522637.42,3736187.88,6.06,14,6,6,3,10.2,17.0,78.0,65.4,33.3,8,Low
P189,Commercial,North,Design-Bid-Build,Spreadsheet,55,203,198,-5,On Time,3987517.46,4582428.82,14.92,18,11,7,5,13.2,82.6,46.8,61.1,55.4,4,Medium
P190,Industrial,Central,Design-Build,Spreadsheet,76,294,274,-20,On Time,4924155.3,5635995.25,14.46,18,11,4,3,7.7,61.7,13.6,52.9,55.2,21,Low
P191,Commercial,West,Design-Build,AI-Assisted,61,279,280,1,Delayed,3798488.83,4009592.6,5.56,15,11,8,3,4.9,34.1,20.8,59.5,37.4,5,Low
P192,Industrial,South,Agile Hybrid,Spreadsheet,61,292,292,0,On Time,4830517.01,5691506.48,17.82,20,9,7,4,4.5,33.0,61.8,68.4,51.2,6,Medium
P193,Industrial,South,Design-Bid-Build,Spreadsheet,54,249,259,10,Delayed,4376873.61,5139824.18,17.43,25,9,8,4,2.0,5.0,16.0,66.0,57.4,13,Low
P194,Energy,North,Design-Bid-Build,Spreadsheet,79,321,347,26,Delayed,5634403.23,6553676.65,16.32,26,15,9,4,8.6,34.0,81.6,57.8,61.0,26,Medium
P195,Industrial,Central,Design-Bid-Build,Spreadsheet,59,255,264,9,Delayed,4552550.71,4833083.27,6.16,19,6,9,2,5.4,25.0,17.0,51.2,46.0,7,Low
P196,Public Sector,West,Design-Build,Spreadsheet,51,263,255,-8,On Time,3769609.62,3977146.01,5.51,19,10,5,2,14.7,65.7,61.9,45.6,24.9,14,Medium
P197,Infrastructure,South,EPC,AI-Assisted,53,292,279,-13,On Time,3772107.15,4146596.83,9.93,15,13,5,3,11.1,24.5,27.6,65.3,35.6,9,Low
P198,Public Sector,North,Agile Hybrid,Spreadsheet,63,284,303,19,Delayed,4750604.86,5222705.44,9.94,28,12,10,2,9.3,40.8,42.3,52.3,44.0,14,Low
P199,Industrial,West,EPC,Spreadsheet,47,212,227,15,Delayed,3321549.81,3698696.89,11.35,16,7,9,2,6.9,67.8,81.8,65.4,48.4,14,Medium
P200,Energy,East,Design-Bid-Build,Spreadsheet,56,228,206,-22,On Time,4452400.09,4885187.67,9.72,20,5,7,4,13.8,7.5,7.1,50.0,56.1,29,Low
P201,Energy,West,Agile Hybrid,AI-Assisted,54,255,254,-1,On Time,4029452.19,4104235.24,1.86,14,8,5,3,5.3,38.0,29.7,73.0,35.4,1,Low
P202,Infrastructure,South,Agile Hybrid,Spreadsheet,65,291,329,38,Delayed,5323268.42,6099820.63,14.59,31,11,8,5,8.1,16.0,63.1,47.4,64.3,39,High
P203,Energy,Central,Design-Bid-Build,AI-Assisted,66,287,277,-10,On Time,4912854.12,5071597.6,3.23,26,10,8,0,8.5,38.2,29.3,64.3,23.3,8,Low
P204,Public Sector,North,Agile Hybrid,Spreadsheet,51,253,261,8,Delayed,4052121.25,4432763.04,9.39,19,12,8,5,15.8,75.0,38.1,77.0,29.5,8,Low
P205,Public Sector,North,EPC,Manual,80,337,375,38,Delayed,5462230.89,6590544.81,20.66,28,13,10,0,5.5,62.3,53.3,61.1,40.5,44,Medium
P206,Industrial,West,EPC,Spreadsheet,65,265,280,15,Delayed,5173796.28,5509845.15,6.5,30,9,5,3,16.8,58.2,35.7,46.6,45.1,15,Low
P207,Commercial,East,Design-Build,Manual,51,233,254,21,Delayed,4016494.98,4740859.45,18.03,28,9,3,2,12.1,51.1,89.9,63.7,46.2,19,Medium
P208,Public Sector,South,Design-Bid-Build,Manual,47,209,221,12,Delayed,3759840.99,4245314.01,12.91,14,5,7,1,7.0,35.2,51.1,66.8,38.6,14,Low
P209,Infrastructure,West,EPC,Manual,63,309,323,14,Delayed,4471945.97,5221415.82,16.76,21,14,6,5,7.3,46.6,42.0,47.6,58.0,17,Medium
P210,Industrial,East,Design-Build,AI-Assisted,58,254,256,2,Delayed,3646098.93,4174993.21,14.51,14,10,7,5,8.1,35.8,31.4,67.1,65.8,1,Low
P211,Infrastructure,East,Agile Hybrid,Spreadsheet,59,260,273,13,Delayed,4488160.02,5053462.6,12.6,19,9,8,5,16.0,24.9,64.0,50.7,59.1,12,Medium
P212,Commercial,South,Design-Bid-Build,Spreadsheet,55,207,199,-8,On Time,4214410.57,4885591.65,15.93,20,8,4,5,2.3,8.7,74.3,70.3,48.8,14,Medium
P213,Public Sector,West,Design-Build,Spreadsheet,49,239,227,-12,On Time,4078009.69,4571929.74,12.11,21,11,3,3,6.2,12.8,52.6,70.9,40.8,16,Low
P214,Public Sector,East,EPC,Spreadsheet,60,254,261,7,Delayed,4471247.3,4793112.17,7.2,26,9,4,6,12.2,35.9,36.2,61.8,58.1,9,Low
P215,Energy,Central,Design-Build,AI-Assisted,79,277,280,3,Delayed,5592895.65,6551531.12,17.14,24,10,4,3,8.7,15.9,77.3,63.6,42.7,5,Medium
P216,Public Sector,East,Design-Build,AI-Assisted,69,293,301,8,Delayed,4867153.7,5412799.42,11.21,19,12,6,5,11.5,63.2,28.0,47.0,51.0,2,Medium
P217,Public Sector,South,EPC,AI-Assisted,37,202,188,-14,On Time,3180506.43,3100834.44,-2.51,19,8,5,4,15.9,16.3,31.1,68.5,32.7,16,Low
P218,Energy,North,EPC,Spreadsheet,59,276,324,48,Delayed,3888234.59,4554821.67,17.14,16,11,5,4,8.9,32.3,78.9,44.1,41.7,46,High
P219,Industrial,South,Design-Build,AI-Assisted,75,317,323,6,Delayed,5040082.97,5530938.64,9.74,25,12,9,6,11.7,75.4,64.2,52.0,50.4,6,Medium
P220,Public Sector,West,Design-Bid-Build,AI-Assisted,64,261,281,20,Delayed,4236625.42,4971626.11,17.35,21,9,7,5,10.6,36.4,25.7,57.4,51.3,17,Low
P221,Energy,South,Design-Build,Manual,63,252,270,18,Delayed,4199419.62,4985622.92,18.72,15,14,7,3,6.1,54.9,25.1,65.7,59.9,17,Low
P222,Public Sector,East,Design-Build,Spreadsheet,60,260,244,-16,On Time,4562433.94,4988661.82,9.34,24,14,9,5,11.0,55.3,21.8,66.3,41.5,24,Low
P223,Public Sector,South,EPC,Spreadsheet,49,287,285,-2,On Time,3731198.99,4100957.1,9.91,16,9,6,4,18.4,5.0,13.2,63.3,45.5,1,Low
P224,Industrial,Central,EPC,AI-Assisted,48,224,224,0,On Time,3917059.66,4281203.93,9.3,17,8,6,7,14.1,57.1,13.0,66.0,42.3,1,Low
P225,Industrial,Central,Design-Build,Spreadsheet,62,277,293,16,Delayed,4189700.55,5174497.46,23.51,22,12,10,5,12.3,12.2,75.7,57.6,56.1,7,Medium
P226,Public Sector,Central,Design-Bid-Build,Manual,65,303,308,5,Delayed,4363835.96,4904309.28,12.39,20,13,4,3,2.0,10.0,32.2,69.1,45.6,4,Low
P227,Public Sector,West,Design-Bid-Build,Manual,90,358,370,12,Delayed,6207500.71,7479929.92,20.5,27,11,6,0,7.0,57.4,40.3,59.0,54.0,14,Low
P228,Industrial,East,Design-Bid-Build,Spreadsheet,73,292,297,5,Delayed,5092358.41,6085812.32,19.51,29,12,6,3,5.8,45.9,38.2,51.8,53.3,2,Low
P229,Infrastructure,North,Design-Build,Spreadsheet,53,252,245,-7,On Time,3713507.96,4177722.08,12.5,23,9,3,6,12.5,39.0,16.5,68.8,56.4,1,Low
P230,Commercial,North,EPC,Spreadsheet,66,316,314,-2,On Time,4887150.89,5266393.54,7.76,23,14,9,6,6.8,40.2,33.9,45.5,46.4,3,Low
P231,Industrial,East,Agile Hybrid,Manual,49,254,254,0,On Time,3718556.89,4079768.65,9.71,16,8,5,4,12.9,18.1,44.1,81.0,30.7,2,Low
P232,Infrastructure,West,Design-Build,Spreadsheet,61,276,273,-3,On Time,4566606.05,5268415.97,15.37,19,12,9,4,15.5,33.6,40.6,50.7,51.6,1,Low
P233,Commercial,North,EPC,AI-Assisted,57,239,246,7,Delayed,3817739.22,4048005.25,6.03,18,8,10,3,7.2,43.1,16.8,57.4,48.1,3,Low
P234,Infrastructure,East,EPC,Manual,52,256,261,5,Delayed,3906005.96,4407288.34,12.83,22,10,6,8,15.1,39.4,50.6,48.6,64.0,4,Medium
P235,Infrastructure,Central,Design-Build,Spreadsheet,70,307,337,30,Delayed,4738317.0,5242002.21,10.63,20,10,3,1,11.7,52.9,53.1,54.9,25.4,30,Low
P236,Energy,Central,Design-Build,Spreadsheet,91,340,351,11,Delayed,6186619.98,7019007.94,13.45,32,10,8,4,2.0,56.1,54.0,55.4,42.5,14,Low
P237,Industrial,East,Design-Build,Manual,69,276,283,7,Delayed,5063860.36,5858246.72,15.69,20,11,7,3,9.5,38.3,20.8,44.4,33.2,5,Medium
P238,Public Sector,East,Design-Build,AI-Assisted,63,294,281,-13,On Time,4511316.06,4931913.09,9.32,24,11,9,4,5.0,18.7,12.6,59.1,51.4,17,Low
P239,Infrastructure,North,Agile Hybrid,AI-Assisted,71,323,325,2,Delayed,4761235.07,5049575.82,6.06,19,13,5,4,4.6,19.4,46.5,51.2,44.4,3,Low
P240,Commercial,North,Design-Build,Spreadsheet,78,305,330,25,Delayed,4899272.46,5769891.7,17.77,25,15,6,6,4.2,37.5,54.1,64.4,52.1,22,Low
P241,Infrastructure,South,Design-Bid-Build,Spreadsheet,66,293,311,18,Delayed,4560827.01,5033941.37,10.37,21,7,6,4,5.2,17.3,32.6,68.9,50.7,15,Low
P242,Infrastructure,Central,Design-Build,Manual,70,258,238,-20,On Time,4783841.36,5788594.04,21.0,22,10,8,5,15.4,40.6,59.1,48.3,33.7,20,Medium
P243,Infrastructure,North,Agile Hybrid,Spreadsheet,58,225,214,-11,On Time,4101214.4,5047505.69,23.07,20,12,4,3,8.2,76.7,68.1,69.2,73.6,7,Medium
P244,Industrial,West,Design-Bid-Build,Manual,74,309,326,17,Delayed,5025170.6,6120801.77,21.8,22,10,8,4,2.9,26.8,26.2,71.2,53.4,16,Low
P245,Infrastructure,South,Agile Hybrid,Spreadsheet,62,266,260,-6,On Time,4102343.17,4379921.19,6.77,25,11,6,4,8.7,9.1,16.6,63.0,36.2,1,Low
P246,Public Sector,North,Agile Hybrid,Manual,76,306,340,34,Delayed,4860007.45,5780802.02,18.95,23,13,5,6,9.7,48.8,59.6,62.8,68.0,38,Medium
P247,Industrial,North,Design-Build,Spreadsheet,96,344,381,37,Delayed,5614940.93,6576765.22,17.13,23,15,6,4,8.8,74.5,64.3,49.2,46.6,34,High
P248,Commercial,West,Design-Bid-Build,AI-Assisted,68,305,289,-16,On Time,5485490.14,5602437.32,2.13,24,11,7,2,11.3,27.7,58.6,77.4,36.3,21,Low
P249,Energy,North,Design-Bid-Build,Manual,66,255,254,-1,On Time,4866225.43,5490561.88,12.83,25,9,6,4,10.9,47.3,31.3,60.6,65.1,1,Low
P250,Industrial,East,Design-Bid-Build,AI-Assisted,65,320,309,-11,On Time,5134042.62,5690178.86,10.83,27,12,8,3,7.7,79.8,39.9,58.0,62.3,15,Medium
P251,Commercial,Central,Design-Build,AI-Assisted,62,288,312,24,Delayed,4757641.46,5142235.0,8.08,23,11,8,3,8.2,38.8,26.2,65.2,61.6,21,Low
P252,Industrial,East,EPC,Manual,64,272,288,16,Delayed,5077454.45,6080989.08,19.76,26,10,7,3,9.8,54.8,63.3,60.1,50.2,15,Medium
P253,Public Sector,South,Agile Hybrid,AI-Assisted,72,278,263,-15,On Time,4908286.32,5420024.8,10.43,20,10,7,2,5.2,52.2,87.0,66.8,63.6,10,Medium
P254,Industrial,Central,Design-Bid-Build,Spreadsheet,73,304,310,6,Delayed,4942531.85,5813885.61,17.63,27,12,6,3,2.0,83.5,39.7,55.3,34.9,9,Medium
P255,Energy,North,Design-Build,Spreadsheet,67,280,291,11,Delayed,4698577.39,5244808.66,11.63,22,10,3,5,6.0,26.5,44.5,47.7,56.1,11,Medium
P256,Commercial,South,Design-Build,Spreadsheet,54,259,274,15,Delayed,4600190.37,5108354.21,11.05,23,8,8,2,6.3,59.6,32.2,81.8,51.9,22,Low
P257,Commercial,North,Design-Build,Spreadsheet,52,234,213,-21,On Time,4562882.66,4686891.8,2.72,22,6,2,4,15.4,8.7,9.6,72.6,30.1,20,Low
P258,Energy,North,Design-Build,Manual,63,250,261,11,Delayed,4173733.9,5122583.67,22.73,13,11,7,3,5.9,32.5,63.2,59.9,45.8,7,Medium
P259,Industrial,Central,Agile Hybrid,Spreadsheet,60,273,295,22,Delayed,4830080.5,5639432.39,16.76,30,10,7,4,8.8,7.4,46.5,61.4,53.0,31,Low
P260,Energy,South,Design-Build,AI-Assisted,67,308,322,14,Delayed,4678262.4,5135923.83,9.78,20,9,5,3,12.2,36.9,7.0,69.8,57.9,14,Low
P261,Public Sector,North,Design-Bid-Build,AI-Assisted,37,178,171,-7,On Time,3191179.84,3192354.95,0.04,11,6,6,0,11.1,40.5,43.3,58.7,27.9,8,Low
P262,Industrial,Central,EPC,Spreadsheet,66,314,313,-1,On Time,4163515.46,4873110.08,17.04,15,11,8,1,11.2,44.3,36.8,52.7,44.7,3,Low
P263,Industrial,Central,Design-Bid-Build,Manual,64,296,313,17,Delayed,4412030.2,5381135.35,21.97,20,7,7,7,8.7,31.4,59.9,74.6,45.3,15,Low
P264,Commercial,South,Agile Hybrid,Manual,56,266,279,13,Delayed,3699396.5,4028818.07,8.9,15,8,4,3,13.5,56.8,75.0,58.2,52.5,13,Low
P265,Infrastructure,East,Agile Hybrid,AI-Assisted,77,302,295,-7,On Time,5278601.02,5948976.15,12.7,28,11,8,2,6.5,14.7,65.4,39.6,45.3,3,Medium
P266,Commercial,West,Design-Bid-Build,Manual,57,259,277,18,Delayed,4289760.97,4961588.44,15.66,19,11,6,5,14.2,6.9,72.9,50.3,46.5,21,Medium
P267,Commercial,East,Design-Build,AI-Assisted,56,257,232,-25,On Time,4670930.26,5258178.55,12.57,21,9,7,6,8.2,61.7,54.8,74.1,43.5,18,Low
P268,Public Sector,West,EPC,Manual,60,252,259,7,Delayed,4292253.28,4933909.51,14.95,18,10,3,2,11.0,14.5,60.7,60.4,47.1,7,Medium
P269,Public Sector,South,Design-Build,Manual,56,256,250,-6,On Time,4017258.85,4764155.7,18.59,19,9,8,2,11.6,54.7,42.4,50.5,34.2,11,Low
P270,Energy,Central,Design-Build,Manual,55,233,210,-23,On Time,4608231.74,4998891.46,8.48,26,6,10,3,15.5,43.7,19.3,67.5,33.7,28,Low
P271,Infrastructure,East,Agile Hybrid,Spreadsheet,57,248,261,13,Delayed,4362524.84,4828162.78,10.67,19,7,6,4,7.1,21.7,55.9,53.2,39.9,17,Low
P272,Industrial,North,Design-Bid-Build,Spreadsheet,72,315,315,0,On Time,4867140.88,5723768.83,17.6,25,12,5,6,8.1,14.7,12.3,64.0,70.7,1,Low
P273,Commercial,West,Design-Build,AI-Assisted,29,204,175,-29,On Time,2803107.63,2699848.34,-3.68,16,11,3,0,16.1,19.3,27.3,75.0,33.2,26,Low
P274,Industrial,North,Design-Bid-Build,Spreadsheet,80,329,353,24,Delayed,5820738.05,6800832.53,16.84,33,10,8,7,6.1,44.8,46.7,48.5,59.9,33,Medium
P275,Infrastructure,Central,Design-Bid-Build,Manual,76,283,330,47,Delayed,5899493.7,7645181.93,29.59,33,7,10,5,2.5,85.1,64.0,47.9,52.1,55,High
P276,Industrial,Central,Agile Hybrid,Spreadsheet,69,281,304,23,Delayed,5028517.37,6040854.05,20.13,22,15,10,6,9.3,34.8,69.0,60.0,49.2,18,Medium
P277,Public Sector,North,EPC,Spreadsheet,69,299,321,22,Delayed,4898591.15,5637531.63,15.08,28,12,6,3,7.7,50.3,48.3,61.6,59.1,23,Low
P278,Commercial,East,Design-Build,Spreadsheet,70,307,325,18,Delayed,5636934.24,6025878.67,6.9,23,10,4,6,10.4,15.3,53.1,63.7,58.1,14,Low
P279,Public Sector,South,Design-Bid-Build,AI-Assisted,63,278,286,8,Delayed,4501804.07,5053122.93,12.25,20,10,8,3,14.8,36.8,28.7,51.3,47.7,9,Low
P280,Commercial,North,Agile Hybrid,AI-Assisted,74,322,330,8,Delayed,5077142.54,5705105.36,12.37,20,12,6,4,2.0,14.3,66.2,43.2,58.0,5,Medium
P281,Commercial,West,Design-Bid-Build,Spreadsheet,38,212,228,16,Delayed,3007215.19,3212319.43,6.82,15,10,5,6,3.2,5.0,75.1,61.6,40.7,4,Low
P282,Energy,North,Design-Build,Spreadsheet,76,357,370,13,Delayed,5243847.96,5879369.32,12.12,24,12,6,4,12.7,52.4,19.4,50.3,36.0,9,Low
P283,Infrastructure,North,Design-Bid-Build,Spreadsheet,68,312,350,38,Delayed,4572827.7,5338266.21,16.74,26,12,2,5,2.3,38.3,83.7,51.0,61.7,32,High
P284,Commercial,Central,Design-Build,Spreadsheet,80,359,390,31,Delayed,5371187.16,6325866.25,17.77,26,16,6,5,10.3,14.1,41.5,38.9,59.9,29,High
P285,Energy,South,Design-Build,Spreadsheet,54,216,190,-26,On Time,4121519.64,4650507.8,12.83,19,8,5,4,10.6,34.7,25.7,58.7,26.4,24,Low
P286,Infrastructure,Central,Design-Build,Manual,64,267,263,-4,On Time,4920622.55,5779977.62,17.46,26,9,4,1,10.5,31.5,67.3,63.0,38.1,7,Medium
P287,Commercial,East,Design-Build,Manual,59,278,290,12,Delayed,4469397.85,5343183.4,19.55,20,11,7,3,17.9,48.6,46.6,57.2,40.4,13,Low
P288,Commercial,East,Design-Build,AI-Assisted,50,245,242,-3,On Time,3992982.79,4712557.35,18.02,20,11,7,3,16.4,46.3,55.8,61.4,42.5,1,Low
P289,Public Sector,East,EPC,AI-Assisted,57,255,241,-14,On Time,4541864.84,5048944.55,11.16,25,13,4,3,10.5,32.6,50.7,62.9,45.7,13,Low
P290,Industrial,South,Design-Build,Manual,61,290,316,26,Delayed,3908618.46,4184620.38,7.06,20,13,8,1,6.8,9.4,36.7,66.0,34.5,28,Low
P291,Industrial,South,Agile Hybrid,AI-Assisted,68,280,299,19,Delayed,4540862.65,5053770.75,11.3,21,7,4,4,5.5,19.1,38.2,43.3,65.4,14,Medium
P292,Energy,West,Design-Bid-Build,AI-Assisted,78,334,376,42,Delayed,4700461.58,5654659.4,20.3,21,10,10,3,4.2,25.8,88.1,52.7,57.4,32,High
P293,Commercial,West,Design-Bid-Build,Manual,68,286,296,10,Delayed,4411705.43,5139681.66,16.5,27,12,8,3,5.5,26.2,43.7,78.4,54.5,9,Low
P294,Industrial,North,Design-Bid-Build,AI-Assisted,64,316,306,-10,On Time,4562712.81,5055393.51,10.8,28,15,5,4,11.0,62.3,38.1,81.3,45.4,10,Low
P295,Energy,South,Design-Bid-Build,AI-Assisted,90,363,389,26,Delayed,5601883.85,6581911.13,17.49,29,14,5,6,11.1,20.9,34.5,37.8,55.5,19,Medium
P296,Infrastructure,Central,Design-Build,Spreadsheet,62,282,291,9,Delayed,4346769.18,4811066.7,10.68,15,12,9,4,8.1,46.5,32.0,62.4,47.8,7,Low
P297,Energy,East,Design-Bid-Build,AI-Assisted,67,300,297,-3,On Time,5538263.32,5779222.96,4.35,27,14,9,4,17.1,27.2,32.9,61.1,46.8,11,Low
P298,Energy,South,Design-Bid-Build,Spreadsheet,74,324,347,23,Delayed,5151227.2,6007791.69,16.63,21,13,8,6,6.4,56.3,81.2,52.3,64.5,21,Medium
P299,Energy,South,Design-Bid-Build,Spreadsheet,63,297,316,19,Delayed,5027211.82,5923455.38,17.83,18,11,7,3,2.0,25.1,61.3,55.9,58.3,15,Medium
P300,Infrastructure,North,Design-Build,AI-Assisted,79,295,305,10,Delayed,5924183.57,6842713.16,15.5,31,11,8,5,10.1,21.9,49.9,47.8,51.6,8,Medium
P301,Industrial,Central,EPC,Spreadsheet,70,315,329,14,Delayed,5064595.79,5719718.5,12.94,27,13,7,1,8.1,5.0,48.5,68.7,51.1,18,Low
P302,Energy,South,Design-Build,Spreadsheet,74,302,298,-4,On Time,5034253.84,5514295.62,9.54,24,11,4,0,8.7,62.8,15.7,59.3,45.8,7,Low
P303,Commercial,South,Agile Hybrid,Spreadsheet,41,181,178,-3,On Time,3531135.34,4236016.21,19.96,19,7,10,4,13.6,70.3,72.5,60.4,33.2,9,Medium
P304,Industrial,North,Design-Bid-Build,AI-Assisted,69,286,286,0,On Time,5502408.03,6304781.2,14.58,26,10,7,4,7.0,40.3,51.1,54.1,57.7,1,Low
P305,Commercial,Central,Design-Build,AI-Assisted,44,241,235,-6,On Time,3430460.06,3659434.74,6.67,18,7,8,4,2.0,38.8,23.4,72.5,35.0,1,Low
P306,Infrastructure,South,Design-Bid-Build,Manual,51,305,303,-2,On Time,3850808.24,4424516.44,14.9,17,12,7,2,9.5,57.0,75.2,67.4,42.8,1,Medium
P307,Energy,West,EPC,Spreadsheet,71,324,325,1,Delayed,5572397.63,6543829.96,17.43,26,13,6,4,10.4,21.3,51.5,55.4,42.1,3,Low
P308,Energy,West,Design-Bid-Build,Manual,79,355,394,39,Delayed,5206969.6,6295773.25,20.91,18,12,7,4,7.4,56.8,33.4,45.4,47.5,47,High
P309,Infrastructure,South,Agile Hybrid,Spreadsheet,61,270,282,12,Delayed,4812115.1,5322885.68,10.61,22,12,6,1,9.7,37.1,46.3,43.7,60.0,17,Medium
P310,Infrastructure,East,EPC,Manual,36,193,182,-11,On Time,3279871.19,3502228.27,6.78,14,9,6,4,11.4,50.0,85.6,89.2,32.0,7,Low
P311,Industrial,North,Design-Build,AI-Assisted,59,303,337,34,Delayed,3951770.27,4181604.64,5.82,18,7,7,3,6.4,39.7,69.0,76.9,40.7,29,Medium
P312,Infrastructure,West,Design-Build,Spreadsheet,69,293,320,27,Delayed,4893673.23,5427780.6,10.91,17,13,5,0,12.9,27.2,43.9,56.1,51.0,26,Low
P313,Industrial,West,Design-Build,Spreadsheet,83,351,391,40,Delayed,5831133.55,6804163.25,16.69,24,16,5,4,2.0,40.8,67.4,49.2,53.9,38,High
P314,Public Sector,South,Design-Bid-Build,AI-Assisted,49,254,247,-7,On Time,3644139.22,3880247.45,6.48,22,8,6,2,11.3,42.2,46.9,81.4,41.9,7,Low
P315,Commercial,North,Agile Hybrid,Manual,60,298,313,15,Delayed,4568038.52,5440315.7,19.1,24,11,7,3,12.6,57.0,74.3,59.2,55.3,20,Medium
P316,Public Sector,South,EPC,Manual,60,275,311,36,Delayed,4557595.73,4930918.12,8.19,21,7,6,1,5.6,24.2,12.5,64.0,35.8,39,Medium
P317,Infrastructure,West,Design-Bid-Build,Manual,64,242,255,13,Delayed,4788882.9,5315998.9,11.01,20,7,7,3,9.7,27.7,22.1,63.5,59.5,9,Low
P318,Commercial,East,Design-Bid-Build,Spreadsheet,49,224,212,-12,On Time,3713940.4,4012217.98,8.03,20,12,6,4,12.0,37.4,49.6,70.4,34.8,12,Low
P319,Public Sector,North,Design-Bid-Build,AI-Assisted,63,261,237,-24,On Time,4705948.07,5064771.6,7.62,22,7,4,7,2.1,33.3,31.1,58.6,58.7,15,Low
P320,Infrastructure,East,EPC,Manual,83,328,343,15,Delayed,6076610.55,7104930.12,16.92,30,10,10,3,2.0,57.6,16.4,54.9,49.1,25,Low
P321,Commercial,West,Design-Build,AI-Assisted,67,290,301,11,Delayed,4964456.89,5419154.17,9.16,25,10,6,5,2.0,49.0,24.2,51.4,44.8,5,Low
P322,Industrial,North,EPC,Manual,82,306,317,11,Delayed,5408525.56,6529053.24,20.72,23,13,7,5,3.6,19.7,44.3,49.8,66.3,11,Medium
P323,Commercial,East,Design-Bid-Build,Spreadsheet,49,243,255,12,Delayed,4306581.24,4711984.33,9.41,24,11,4,4,7.3,22.7,81.0,70.0,52.7,7,Low
P324,Industrial,Central,Agile Hybrid,Spreadsheet,51,245,260,15,Delayed,3648736.05,4226605.92,15.84,20,11,8,1,8.3,36.4,44.6,79.2,44.3,15,Low
P325,Energy,South,Design-Bid-Build,AI-Assisted,70,292,282,-10,On Time,4900725.04,5464117.21,11.5,22,8,10,2,8.2,22.8,64.4,74.0,37.3,8,Medium
P326,Commercial,North,Design-Bid-Build,AI-Assisted,64,239,209,-30,On Time,4761185.17,5243568.45,10.13,18,8,8,5,8.0,37.0,33.5,56.0,43.2,26,Low
P327,Commercial,Central,Agile Hybrid,Spreadsheet,32,162,149,-13,On Time,2778422.58,3114702.2,12.1,13,6,3,5,12.8,45.6,49.6,74.4,27.3,12,Low
P328,Infrastructure,North,EPC,Spreadsheet,79,327,335,8,Delayed,5792135.74,6622690.03,14.34,22,12,10,3,2.0,12.7,68.9,44.8,52.2,4,Medium
P329,Public Sector,North,Design-Build,Manual,73,315,329,14,Delayed,5183994.32,6225245.72,20.09,34,13,8,1,2.1,58.9,38.5,50.0,28.6,18,Medium
P330,Commercial,South,Agile Hybrid,Manual,60,239,237,-2,On Time,4700936.59,5679731.63,20.82,26,10,3,1,8.1,76.6,26.0,51.3,50.2,1,Medium
P331,Energy,West,Design-Bid-Build,AI-Assisted,60,262,265,3,Delayed,4302299.24,4694826.04,9.12,19,11,3,5,13.0,7.4,46.3,69.2,31.5,1,Low
P332,Infrastructure,West,Design-Bid-Build,Spreadsheet,77,332,311,-21,On Time,4807354.83,5502348.91,14.46,21,14,4,6,8.3,9.7,44.7,57.0,54.0,13,Low
P333,Public Sector,South,Design-Bid-Build,Spreadsheet,62,288,307,19,Delayed,4160312.92,5005122.36,20.31,21,9,6,4,13.0,63.7,63.1,84.6,59.5,18,Medium
P334,Public Sector,North,Design-Bid-Build,Manual,58,280,302,22,Delayed,4128409.49,4726670.62,14.49,22,10,5,4,14.8,40.7,70.1,67.1,47.1,15,Medium
P335,Public Sector,Central,EPC,Manual,79,354,366,12,Delayed,5449039.52,6612948.56,21.36,21,9,11,3,5.0,36.6,32.0,49.9,54.4,16,Medium
P336,Public Sector,North,Design-Build,AI-Assisted,63,257,249,-8,On Time,5178516.08,6124251.23,18.26,25,6,9,2,7.2,44.0,82.8,55.8,39.9,6,Medium
P337,Infrastructure,Central,Design-Build,Spreadsheet,80,326,341,15,Delayed,5468082.06,5863885.73,7.24,31,13,9,1,9.4,29.3,37.8,57.0,48.1,17,Low
P338,Commercial,East,EPC,AI-Assisted,73,327,338,11,Delayed,4732351.33,4795531.74,1.34,29,13,6,1,13.5,8.2,33.0,48.5,56.9,7,Low
P339,Commercial,North,Design-Bid-Build,Spreadsheet,64,254,284,30,Delayed,4335737.14,4923260.57,13.55,19,8,5,1,14.8,31.3,61.9,59.0,59.9,32,Medium
P340,Commercial,South,Design-Bid-Build,AI-Assisted,41,211,201,-10,On Time,3773574.51,3970668.72,5.22,19,9,6,3,20.4,71.5,81.7,68.1,41.1,2,Medium
P341,Industrial,South,Design-Build,Manual,68,287,307,20,Delayed,4868943.28,5520762.78,13.39,23,11,5,4,3.0,66.5,67.3,64.1,54.8,20,Medium
P342,Public Sector,North,EPC,Manual,52,207,218,11,Delayed,4282221.73,4468185.25,4.34,19,9,9,4,9.6,42.3,31.2,76.3,49.1,17,Low
P343,Industrial,East,Design-Build,Manual,62,268,257,-11,On Time,4202704.57,4976138.21,18.4,18,9,8,3,11.2,71.5,18.9,73.8,43.6,11,Medium
P344,Energy,West,Agile Hybrid,Manual,74,308,317,9,Delayed,4803171.1,5411271.72,12.66,22,11,5,3,12.8,46.2,20.5,58.9,66.8,14,Low
P345,Public Sector,East,Agile Hybrid,AI-Assisted,80,341,359,18,Delayed,5283459.89,5904259.68,11.75,25,12,11,5,9.1,12.3,15.8,54.6,54.6,10,Low
P346,Commercial,West,EPC,AI-Assisted,55,247,271,24,Delayed,4378187.43,4777869.29,9.13,20,12,6,2,16.9,72.5,41.6,62.2,64.4,18,Low
P347,Commercial,Central,EPC,Spreadsheet,56,261,264,3,Delayed,4233058.9,4693952.04,10.89,18,9,9,5,3.2,46.7,22.0,55.5,46.1,2,Low
P348,Industrial,North,Design-Build,Spreadsheet,73,314,311,-3,On Time,4471737.41,4861051.37,8.71,19,9,4,4,12.7,12.6,21.6,48.0,47.4,1,Low
P349,Commercial,West,Agile Hybrid,Spreadsheet,55,180,194,14,Delayed,3965477.06,4424649.1,11.58,16,7,5,5,9.0,67.6,41.3,62.0,47.3,16,Medium
P350,Infrastructure,South,Design-Build,Spreadsheet,61,260,239,-21,On Time,4248714.69,4756248.93,11.95,23,9,6,6,11.7,5.2,30.8,75.9,55.6,20,Low
P351,Industrial,North,Design-Build,Manual,78,322,347,25,Delayed,5757624.02,6889416.08,19.66,34,11,9,5,5.6,52.2,52.1,49.6,45.4,26,Medium
P352,Public Sector,South,Design-Bid-Build,Spreadsheet,63,299,288,-11,On Time,4696096.17,5012190.46,6.73,24,12,9,4,8.9,26.8,27.2,52.6,49.8,10,Low
P353,Commercial,South,EPC,Manual,58,256,270,14,Delayed,4008600.1,4749996.14,18.5,20,9,7,5,14.4,69.3,65.1,58.1,37.6,16,Medium
P354,Commercial,Central,Design-Build,AI-Assisted,53,253,258,5,Delayed,3994818.37,4207598.74,5.33,15,8,4,1,3.7,20.0,44.9,66.7,37.0,1,Low
P355,Infrastructure,South,EPC,Spreadsheet,65,266,278,12,Delayed,4221246.22,4760762.17,12.78,19,11,8,2,9.7,14.6,71.4,55.0,53.3,13,Medium
P356,Commercial,West,Agile Hybrid,AI-Assisted,61,243,255,12,Delayed,4498266.98,5001653.8,11.19,20,9,6,4,12.0,10.2,47.1,74.1,48.3,9,Low
P357,Commercial,Central,Design-Build,AI-Assisted,63,267,243,-24,On Time,4732981.52,5005658.15,5.76,23,8,7,3,8.4,55.3,37.2,54.1,36.9,18,Low
P358,Public Sector,South,Design-Build,Spreadsheet,75,272,275,3,Delayed,4968322.03,5801222.04,16.76,25,12,9,6,2.1,68.2,54.6,73.6,67.7,5,Medium
P359,Industrial,North,Design-Bid-Build,Manual,62,301,324,23,Delayed,4505220.18,5382885.49,19.48,23,12,8,6,5.9,53.8,27.5,60.1,65.7,31,Low
P360,Commercial,Central,Design-Build,Spreadsheet,61,276,292,16,Delayed,4034002.22,4308907.89,6.81,18,8,6,4,10.8,8.3,39.2,70.3,40.7,19,Low
